"energy","liveness","speechiness","acousticness","instrumentalness","danceability","valence","uri"
0.533,0.122,0.0436,0.0206,0.00121,0.776,0.176,"spotify:track:5ppcig5J8zvHej6P2qnBTt"
0.853,0.152,0.389,0.302,0,0.633,0.56,"spotify:track:7MDKvOzNgAJ3KMCtaP2UOa"
0.649,0.174,0.0362,0.0306,2.46e-05,0.607,0.47,"spotify:track:1dNIEtp7AY3oDAKCGg2XkH"
0.722,0.228,0.252,0.00687,0,0.482,0.387,"spotify:track:73doEQBZgtkom1Iyy76dEk"
0.909,0.101,0.0679,0.028,0.524,0.811,0.0594,"spotify:track:4OkIHY9ia3NtSB2CtjTSwz"
0.343,0.102,0.38,0.723,5.48e-06,0.714,0.388,"spotify:track:2VQc9orzwE6a5qFfy54P6e"
0.43,0.0977,0.281,0.0498,1.59e-05,0.838,0.121,"spotify:track:0WCbhE2evMrIwRM0DlMy9k"
0.0733,0.109,0.0429,0.837,0.971,0.0635,0.0372,"spotify:track:3JWjcGwtuNGXIVgJl3ax4c"
0.116,0.338,0.0349,0.936,0.971,0.202,0.037,"spotify:track:5gbBbzBnuat3nBDZWNHusF"
0.386,0.0638,0.0359,0.306,0.887,0.243,0.0391,"spotify:track:2ojMxjdpAZsF7RhWJmOUL0"
0.842,0.227,0.0441,0.000476,0.911,0.138,0.29,"spotify:track:3YY0AlJAKxKmN0OttvKQ31"
0.647,0.188,0.0281,0.00404,0.705,0.565,0.208,"spotify:track:4M5fqxO2LsqKA4AJqpduxv"
0.0729,0.0746,0.0382,0.736,0.909,0.25,0.0344,"spotify:track:7a70wyEZ5XhS8MzTU9kIvn"
0.698,0.11,0.128,0.0599,0.288,0.608,0.598,"spotify:track:2HerQMSQ9Y5LwzFr9RqMXx"
0.54,0.304,0.0289,0.0579,0.752,0.52,0.0958,"spotify:track:4NfMwbwXBYAgTAEyBnfokZ"
0.155,0.0715,0.0284,0.959,0.917,0.448,0.055,"spotify:track:6jG9kgUfefSiIEg9jbPN2x"
0.893,0.109,0.185,0.000188,0.537,0.329,0.588,"spotify:track:3DP1DqV0Ggo6y1UWtKDr3C"
0.915,0.385,0.0444,0.000174,0.936,0.4,0.623,"spotify:track:1e9fTzTbR4lv4CjV7dT9wN"
0.384,0.124,0.0404,0.689,0.861,0.481,0.037,"spotify:track:4ejHjs23H6AwVUn3NRAZeh"
0.763,0.131,0.0371,0.00507,0.000752,0.621,0.191,"spotify:track:5oblHSqS0RHGQy0YxbQ21p"
0.316,0.101,0.0314,0.925,0.938,0.283,0.0854,"spotify:track:5ZBENOVNLxcKdPWp8X0VAu"
0.53,0.113,0.0363,0.417,0.141,0.19,0.214,"spotify:track:3W2DoDbUfWu9oAbzGLZHNn"
0.364,0.0754,0.0377,0.354,0.778,0.356,0.0358,"spotify:track:3iABkVmTfHDoQAtZAlCrdw"
0.552,0.0706,0.0413,0.207,0.828,0.223,0.0595,"spotify:track:7AMCl6hWdgxLc25OjeNfdY"
0.628,0.31,0.131,0.00215,1.15e-05,0.886,0.181,"spotify:track:2JI71GHwq2LN8mtq3iCLYo"
0.77,0.512,0.0384,0.0507,0.171,0.464,0.0716,"spotify:track:0DCCothZjbqHfQCfxVR6tE"
0.672,0.0655,0.0713,0.00139,0.428,0.412,0.0978,"spotify:track:2Bw2YqUO5ylYVb9wLnYLMt"
0.815,0.34,0.0342,0.0703,0.0913,0.654,0.467,"spotify:track:6dmbIwHuyQudnx2cvpP1Dy"
0.551,0.108,0.0912,0.0176,0.729,0.586,0.031,"spotify:track:0usLsSrEuwUhZFZJcIs5At"
0.821,0.144,0.108,0.104,2.77e-05,0.562,0.555,"spotify:track:3KBptiU3BShNb4993kbDSe"
0.493,0.413,0.0317,0.0872,0.000166,0.086,0.115,"spotify:track:6ZlLUOdFKtrYoHS2Ih6abW"
0.919,0.208,0.0669,0.000325,0.944,0.426,0.0358,"spotify:track:45cmtqvTMgYzx4QrOsIf3t"
0.661,0.103,0.0788,0.161,0.883,0.277,0.0393,"spotify:track:7KwCdlMSEfkkUEsJa7oGxK"
0.448,0.0848,0.0871,0.0367,0.915,0.339,0.0358,"spotify:track:1PyE8PQUrfxjrhoAiNmtXr"
0.315,0.109,0.03,0.0217,0.163,0.263,0.195,"spotify:track:0kuv7BqWNDprDao3Tb5flN"
0.944,0.353,0.0675,0.00297,0.0443,0.655,0.0388,"spotify:track:5N0q9V5hKldg4Cas9NWaNh"
0.642,0.312,0.0568,0.0109,0.855,0.4,0.0376,"spotify:track:70vNQj2fnchEc05vzXt1l1"
0.592,0.234,0.0373,0.012,0.771,0.429,0.15,"spotify:track:2Kz7ScQ9CBRRDtNgT9oeDr"
0.878,0.0746,0.0353,0.0585,0.892,0.552,0.603,"spotify:track:2qC1sUo8xxRRqYsaYEdDuZ"
0.443,0.151,0.0459,0.0963,0.929,0.1,0.0738,"spotify:track:1Ui1vRqhWtg5N9zEA160nn"
0.633,0.0929,0.0339,0.0463,0.925,0.447,0.139,"spotify:track:45tHa0G8mc33Yqa1SPQvV7"
0.746,0.333,0.0976,0.0847,0,0.651,0.434,"spotify:track:1cImQgov8kkXONa4itnlnJ"
0.931,0.0452,0.0764,0.00176,0.945,0.493,0.073,"spotify:track:6WeMckuqw38OVkVYxFOW2m"
0.384,0.28,0.0326,0.0191,0.754,0.283,0.0351,"spotify:track:5lQ0rZ51942ax3bIfrfreo"
0.102,0.268,0.0494,0.903,0.721,0.273,0.0572,"spotify:track:6iLzFJhs4ATwJn7P1utZIJ"
0.367,0.0589,0.0544,0.539,0,0.671,0.449,"spotify:track:2dR5WkrpwylTuT3jRWNufa"
0.85,0.153,0.342,0.0149,0.00367,0.452,0.554,"spotify:track:078C2jXg7XsMgW78Gfx1JA"
0.225,0.156,0.0739,0.647,0.876,0.66,0.145,"spotify:track:4AQ7hzVPB9TjU7N99mvT9R"
0.447,0.106,0.029,0.295,0.87,0.477,0.0919,"spotify:track:70oieemRwR4y6Z0jRy0HLu"
0.415,0.153,0.0291,0.761,0.0575,0.603,0.39,"spotify:track:6MAmV8YIleZwVhm1jAGBQ3"
0.509,0.139,0.0312,0.461,3.82e-05,0.272,0.12,"spotify:track:6xIu7f7ZHT1K17iJJY1fgl"
0.438,0.0845,0.027,0.862,0.0164,0.531,0.182,"spotify:track:6TRojmBMWx6LKrzmAeEfxi"
0.324,0.119,0.0291,0.752,0.00389,0.473,0.232,"spotify:track:3Uvaz4fP2DDdhe7e6xeARE"
0.194,0.124,0.027,0.886,3e-04,0.536,0.14,"spotify:track:64HjWSQu04jNos5CRNhiz7"
0.574,0.329,0.0275,0.473,0,0.545,0.494,"spotify:track:3BiNU6zrPCAsO2HAiIbSTd"
0.349,0.125,0.0286,0.623,8.61e-05,0.513,0.153,"spotify:track:5Z6w9JgflbLRW99o5F4UdW"
0.382,0.231,0.0293,0.192,0.0838,0.495,0.194,"spotify:track:72Hkr0TbrdWz2pA0qRSDdn"
0.408,0.0892,0.0315,0.644,0.00372,0.464,0.0795,"spotify:track:4niDU35YEMnJIQjKb506hb"
0.529,0.137,0.0372,0.42,0.0064,0.518,0.234,"spotify:track:6SpYSQwD0UR7NMHuUF0wzk"
0.332,0.0959,0.0297,0.753,0.000104,0.401,0.077,"spotify:track:1WPE78P08dUcusH37bUdSp"
0.361,0.114,0.0316,0.822,0.213,0.22,0.114,"spotify:track:18LyvOCkXwiLxBZ9K9SpqQ"
0.734,0.369,0.444,0.0241,1.65e-06,0.679,0.256,"spotify:track:46THN9jjPWhSqFUu6YsBhv"
0.634,0.0802,0.163,0.118,3.23e-05,0.804,0.53,"spotify:track:1C0ACIWByTCgeRcXF6kNwS"
0.953,0.106,0.234,0.437,0.813,0.78,0.426,"spotify:track:6zpGlMguCiKeoUMMe4NUce"
0.395,0.515,0.344,0.623,0,0.685,0.367,"spotify:track:4JwJuaylW9pXT2ZmOh3Ome"
0.57,0.544,0.0564,0.135,1.48e-06,0.712,0.383,"spotify:track:1947qHiGxQpqleCxLphoOH"
0.725,0.779,0.357,0.53,0,0.67,0.286,"spotify:track:55PANebG9oWLaWzl3B6YTC"
0.746,0.116,0.119,0.072,0,0.472,0.442,"spotify:track:04mf1OkXHZ6TPBNM9sBcSm"
0.564,0.104,0.529,0.582,0,0.811,0.168,"spotify:track:6GIaL3AbpqQCVLNwWJvU8A"
0.593,0.123,0.0901,0.708,0,0.635,0.549,"spotify:track:4ZiaO8v8dFaJnV0DXCcT2n"
0.632,0.297,0.176,0.00569,0,0.544,0.336,"spotify:track:1IVXeTZsqoUe9Vglt6KOkk"
0.543,0.09,0.112,0.0402,0,0.473,0.435,"spotify:track:76Bwuc3O1WIGU4jUyyjS6R"
0.38,0.23,0.668,0.577,0,0.77,0.965,"spotify:track:44kE0eVFlAuo8sK6jCFvEe"
0.577,0.331,0.0389,0.0441,1e-05,0.559,0.0601,"spotify:track:7mjJ4gOLoTwf5eIvy6R0VO"
0.422,0.194,0.0843,0.336,0,0.667,0.15,"spotify:track:207fycGQVf3LVqWWz0DNES"
0.744,0.138,0.463,0.271,0.000354,0.526,0.124,"spotify:track:1ZNCHRfXYaNX3DTRPi6YKD"
0.397,0.133,0.0502,0.185,0.00264,0.511,0.122,"spotify:track:6X6rEM1F1eMXhVBSGEEnMz"
0.431,0.108,0.906,0.983,0.000111,0.757,0.913,"spotify:track:0bAJDxujFgNPdhuUpQpncQ"
0.812,0.107,0.295,0.0363,0,0.822,0.361,"spotify:track:5lyHrXxLfiiWMolM6OEmgy"
0.924,0.235,0.31,0.236,0,0.471,0.676,"spotify:track:1pCHgn3AGN76ni15bX8jSo"
0.655,0.175,0.146,0.0473,0,0.783,0.389,"spotify:track:5x5j3y3Z5u5IO5drVBlUGT"
0.582,0.334,0.0729,0.133,1.63e-06,0.762,0.392,"spotify:track:60fLBoD7INAvDtg5F7Z4nA"
0.634,0.0672,0.0631,0.061,0.224,0.378,0.0546,"spotify:track:2SHzX7kPO4SBmBGsqnH6nN"
0.799,0.147,0.0791,0.00836,0,0.409,0.33,"spotify:track:2k1DGjI4zqifX4gEvBd2zf"
0.717,0.0593,0.0398,7.52e-05,0.899,0.781,0.076,"spotify:track:3Igl7NHQ0AuoT1M5hAddaS"
0.949,0.145,0.0522,0.000331,0.705,0.283,0.559,"spotify:track:2XTJuZ9IeeAprAxHfDmERq"
0.852,0.0851,0.248,0.507,0,0.539,0.517,"spotify:track:6liGqN48zCba8OPKVu9oDn"
0.552,0.113,0.0401,0.0359,0.844,0.719,0.254,"spotify:track:2TypdFCIkHPMKX6VFzcYhe"
0.433,0.119,0.0479,0.596,0.0561,0.451,0.153,"spotify:track:4xCDna3QZvvCI3W9GbwMZ0"
0.772,0.378,0.0569,0.0167,4.64e-05,0.414,0.211,"spotify:track:6OuVgSWn6k7s7Tc9NgiU8D"
0.682,0.101,0.0554,0.0116,0.0462,0.738,0.335,"spotify:track:4bwa0QQbgOEWBDdA4vKDon"
0.892,0.359,0.0341,0.019,0.773,0.357,0.847,"spotify:track:3aqD8bNjsGmkPbilWiZMjA"
0.362,0.112,0.0333,0.257,0.836,0.335,0.0717,"spotify:track:2GKd9otwLGxcUY4cClJDEh"
0.475,0.122,0.0417,0.643,0,0.663,0.648,"spotify:track:0SqzuPY2slAHil2RLGyphd"
0.639,0.0382,0.0549,0.00226,0.000315,0.893,0.582,"spotify:track:1UfBAJfmofTffrae5ls6DA"
0.184,0.271,0.0328,0.98,0.00816,0.389,0.157,"spotify:track:4tMhwWkSXB4fzgqoBhC5k0"
0.943,0.319,0.0747,0.000432,0.905,0.324,0.272,"spotify:track:5tsClamatYBBC7i8OHC17N"
0.625,0.611,0.0366,0.44,0.281,0.294,0.307,"spotify:track:3hyI2HLQxWPtoT8Or2e5Rk"
0.724,0.469,0.275,0.39,0,0.548,0.459,"spotify:track:1dx9EdvyNujagtQzgNPPFC"
0.896,0.375,0.109,0.00068,0.815,0.35,0.0668,"spotify:track:302m4ZNnzsmIT9Bn0ZePmN"
0.854,0.107,0.0621,0.00391,0.00386,0.322,0.0815,"spotify:track:2qKHmDCgi54p7ueuNCOkoe"
0.588,0.113,0.0278,0.0123,0.00551,0.627,0.519,"spotify:track:6c2N8YRRqjtevGfIJovXGP"
0.381,0.0729,0.262,0.392,0.00643,0.604,0.301,"spotify:track:33zcw56D51sFXaE40FPf6E"
0.929,0.203,0.113,0.0232,0.0893,0.312,0.331,"spotify:track:0eLiaA1XEtztloEOdTgAeX"
0.827,0.12,0.0955,0.0903,0.294,0.654,0.0735,"spotify:track:52usp7Qr6qXYYwTaxhljtV"
0.884,0.0662,0.366,0.0221,1.33e-06,0.547,0.562,"spotify:track:5fDj1YVNR04RtQNP4iYapO"
0.265,0.0787,0.0342,0.916,0.918,0.22,0.0775,"spotify:track:3fdY6ZVYtiHcrArNdvK3Ux"
0.738,0.0814,0.293,0.00017,0.033,0.591,0.28,"spotify:track:7HRlJLRVXULYmzNUjEmjKu"
0.729,0.0727,0.309,0.193,0.000151,0.769,0.646,"spotify:track:4DmABSFNyMwpzOo1UvK8Nz"
0.509,0.175,0.0367,0.678,0.936,0.471,0.0648,"spotify:track:4nr4gSTFGmTTSbumSY3kfH"
0.816,0.391,0.0391,0.000161,0.836,0.395,0.261,"spotify:track:0VxIcxjv4XaJvq8dBR49iT"
0.333,0.116,0.0342,0.0147,5.66e-06,0.493,0.04,"spotify:track:5nIu0VwPOsjkF61zfevLKh"
0.552,0.178,0.0317,0.206,0.0595,0.366,0.108,"spotify:track:0Y0pFPV5Y9OCxY5ZkcAE31"
0.46,0.687,0.21,0.0269,0,0.644,0.176,"spotify:track:5d8yMIlqJH78lwOUP7T3oF"
0.529,0.214,0.0959,0.0721,0,0.74,0.369,"spotify:track:2HbKqm4o0w5wEeEFXm2sD4"
0.404,0.107,0.0286,0.391,0.758,0.194,0.1,"spotify:track:0LH1czgStqVxQavCeHsQN5"
0.159,0.101,0.0407,0.705,0.947,0.156,0.0317,"spotify:track:3bv0RZUTT1GccpYJT0GMMJ"
0.616,0.185,0.0348,0.0338,0.0133,0.331,0.147,"spotify:track:7FSQzuHaSL5I7fiUPzPlhM"
0.36,0.128,0.0333,0.728,0.94,0.164,0.0684,"spotify:track:32xIR66ZDqGqmeGs8rad4g"
0.524,0.191,0.0395,0.23,0.793,0.257,0.119,"spotify:track:1g0DteRubUEOCfNhfYWhuh"
0.4,0.117,0.0347,0.619,0.907,0.198,0.159,"spotify:track:2Bll4ZPDfscw6w5UzvHbmB"
0.306,0.121,0.0258,0.713,0.775,0.517,0.0766,"spotify:track:7kQOWc0I4Xbe96cTcStbIm"
0.684,0.113,0.0375,0.173,0.722,0.402,0.164,"spotify:track:7z4kdzenPC0HrFlr1Ot18V"
0.0805,0.0981,0.0417,0.96,0.947,0.203,0.036,"spotify:track:3NUOe3ggyQHXVFXnvXN6E3"
0.72,0.0924,0.0394,0.00962,0.858,0.635,0.333,"spotify:track:70kvCarK7HTVdgtTqyGHD3"
0.9,0.0981,0.0593,2.74e-06,0.823,0.176,0.277,"spotify:track:0gkkfUbuGoQ4nGblM1As5L"
0.65,0.113,0.188,0.038,0.128,0.648,0.214,"spotify:track:4NQ4fDehLC8QRTts4jXaYP"
0.693,0.271,0.0822,0.375,0.902,0.636,0.0358,"spotify:track:1n8iBMdJwFsziP6iojJwGf"
0.139,0.103,0.0412,0.886,0.89,0.0824,0.0351,"spotify:track:4lmJqmOgRKLTbMu623E0Bl"
0.971,0.149,0.0416,7.19e-05,0.901,0.411,0.198,"spotify:track:2gKbn3HaDjkV1mjBVO7WjT"
0.311,0.0532,0.0319,0.69,0.911,0.539,0.317,"spotify:track:4XiRjUElwREYMDh74caLKu"
0.772,0.482,0.0697,0.33,0.89,0.532,0.401,"spotify:track:3yd01RI9aQ27GYAuzJq3VR"
0.272,0.108,0.04,0.939,0.896,0.245,0.0382,"spotify:track:0fwahi2vF1hUKG82h0SYrG"
0.536,0.0874,0.0327,0.848,0.544,0.364,0.347,"spotify:track:3yZxLiYHDcvGCA41TbZjcx"
0.133,0.111,0.034,0.952,0.882,0.174,0.111,"spotify:track:7hiALMwjWvaaf93yU6LeX0"
0.194,0.093,0.0374,0.931,0.864,0.164,0.0872,"spotify:track:7cbBZqBwEzlKBIYPb1Cbf0"
0.396,0.0737,0.0373,0.0277,0.204,0.221,0.0683,"spotify:track:76wTgKMKsLpoUUm9Aw4tE4"
0.309,0.085,0.0279,0.785,0.955,0.322,0.183,"spotify:track:0WHMHuO5JPzJ8IZVjv3TL6"
0.136,0.0952,0.0388,0.92,0.876,0.0819,0.0363,"spotify:track:7Ctv7EaxCB5rrb2WEceWVY"
0.0831,0.0632,0.0363,0.957,0.937,0.185,0.129,"spotify:track:2xjyZVdSKjpd89qRFMnZtR"
0.907,0.0731,0.0763,0.427,0.736,0.263,0.211,"spotify:track:7qQbQHcQQCKA0kuqBPLjzL"
0.764,0.158,0.0315,0.011,0.0724,0.296,0.14,"spotify:track:2bHpNAMEsB3Wc00y87JTdn"
0.924,0.134,0.0924,0.00303,0.000116,0.57,0.377,"spotify:track:5LoaLyY7Z3RN6KgjcqBi8x"
0.718,0.0592,0.0688,0.000182,0.0891,0.751,0.171,"spotify:track:3TfJsT4fM3L5InlBcInPay"
0.678,0.0795,0.0469,0.000117,0.223,0.587,0.127,"spotify:track:6QBGMwu9ipwEfGT64dX8rY"
0.809,0.183,0.0302,0.114,0.000521,0.697,0.979,"spotify:track:5nNmj1cLH3r4aA4XDJ2bgY"
0.11,0.0961,0.0395,0.972,0.907,0.21,0.0365,"spotify:track:0isjUG0UsOh87u0eC8L4QF"
0.619,0.125,0.0366,0.195,0.124,0.353,0.0794,"spotify:track:3wFw7cWZTgfLBYalXFZQji"
0.911,0.0778,0.0383,0.0287,0.315,0.53,0.0799,"spotify:track:6o37YFFzOf6HEx1GUMyfF0"
0.493,0.111,0.105,0.00206,0.809,0.662,0.566,"spotify:track:4DXALiuDS8ZkL6tK49yTaA"
0.76,0.092,0.0401,0.014,0.408,0.581,0.144,"spotify:track:624z8inUNEfxWekoKw0OFg"
0.0651,0.0607,0.0387,0.961,0.93,0.232,0.0371,"spotify:track:0kznmyiS92b9v1rkn9WDqV"
0.376,0.104,0.04,0.806,0.84,0.195,0.142,"spotify:track:6ZUH3ijNfPKeeUmz6wMUYM"
0.803,0.298,0.0327,0.00861,7.14e-06,0.541,0.186,"spotify:track:4Pq53NLs0vBEQTAnpCeTTX"
0.785,0.11,0.0413,3.63e-05,0.812,0.366,0.152,"spotify:track:2tzt6biW79znRmQCLBSWhG"
0.0448,0.0965,0.0523,0.916,0.914,0.156,0.0821,"spotify:track:6L2qOC5H903Mo5YCVK6FkL"
0.132,0.112,0.0396,0.834,0.781,0.14,0.184,"spotify:track:75C1aTo6gTWCSzqu9AEgkh"
0.0241,0.0814,0.0434,0.996,0.986,0.0881,0.0311,"spotify:track:1ZSGpxA5iWozqbeK83zt3w"
0.448,0.159,0.216,0.358,0.906,0.146,0.0661,"spotify:track:3Gq0ySJSJEjV8raI6r1gFf"
0.291,0.115,0.204,0.621,0.8,0.151,0.037,"spotify:track:2Vfjt590yeWzfgvvUsPGuf"
0.097,0.1,0.0534,0.939,0.894,0.245,0.0791,"spotify:track:6OVGIvAMeq5LCl2ye1Zqbo"
0.137,0.087,0.0387,0.934,0.485,0.131,0.0485,"spotify:track:1ykbtFnlIjmIFnZ8j6wg6i"
0.531,0.0831,0.0458,0.32,0.267,0.471,0.0485,"spotify:track:2GkxGTv6AasoJ51AnYhH17"
0.826,0.115,0.0299,0.0587,0.929,0.563,0.213,"spotify:track:4Wa7wd2CFXal9Z8Ndx0S7Y"
0.545,0.0833,0.0467,0.0223,0.92,0.747,0.42,"spotify:track:5dxVa2HfMjJ6UNCPsXJOdD"
0.891,0.248,0.141,0.00242,0.0672,0.498,0.245,"spotify:track:3CQjMHCN0cdsSdbD1hoZE6"
0.739,0.0744,0.059,0.0127,0.905,0.69,0.382,"spotify:track:7vqcDtNvoJn5pXhktc8qe8"
0.741,0.112,0.0346,0.348,0.835,0.551,0.14,"spotify:track:3tef8nKKxm3caw4x5OfgCj"
0.719,0.324,0.106,0.00108,0.251,0.869,0.349,"spotify:track:0M3iTwiyhHj71S4P0gpGtV"
0.743,0.197,0.0505,0.000268,0.000998,0.396,0.374,"spotify:track:1Mh0zgXyFjd1BGmoGjdVKz"
0.774,0.432,0.0494,0.00244,0.826,0.658,0.58,"spotify:track:32C59HTnNUHVZMX6OxxFpC"
0.614,0.0996,0.0649,0.21,0.714,0.102,0.0379,"spotify:track:1HfJV18PHF2UQqh4TuySBJ"
0.544,0.0997,0.0372,0.459,0.43,0.708,0.492,"spotify:track:3jjMyq44OIjNgmpXLhpw7W"
0.78,0.128,0.0479,0.17,0.821,0.592,0.106,"spotify:track:1MMmKHMfsajQKx9fusCDn4"
0.761,0.112,0.0322,0.000971,5.95e-05,0.398,0.0383,"spotify:track:733uyTIwPCInHktZWeQ3IM"
0.932,0.345,0.0396,0.00292,0.534,0.558,0.0501,"spotify:track:3fmZhbUaoUBbYFkcTSmvPf"
0.719,0.649,0.041,0.216,0.904,0.619,0.246,"spotify:track:4oRbtetfRzeik7KJ3JGBhH"
0.0488,0.101,0.0376,0.967,0.877,0.333,0.0399,"spotify:track:5TuUePijuJjM1SiWgQsH4w"
0.424,0.137,0.0268,0.808,0.927,0.522,0.0967,"spotify:track:2C86tAWYM533cTDMAn6evg"
0.595,0.12,0.0318,0.467,0.676,0.566,0.154,"spotify:track:78UsvI13zH890N2IOWyuzi"
0.686,0.166,0.0288,0.253,0.923,0.434,0.154,"spotify:track:5ervET1vWonALYZ6Cq9vpA"
0.545,0.215,0.0279,0.921,0.939,0.496,0.172,"spotify:track:7waDrEBh96rPVL0tVc1gCx"
0.492,0.131,0.0253,0.654,0.912,0.446,0.361,"spotify:track:7ARIoCTpsczF0LTBOwnZy7"
0.337,0.112,0.0272,0.606,0.869,0.664,0.363,"spotify:track:6e5f1EI1koF7dZEq6B3Cty"
0.605,0.113,0.0304,0.553,0.817,0.574,0.513,"spotify:track:1e0TO5xRZrYiqxuxNFxxdx"
0.7,0.112,0.0326,0.788,0.829,0.605,0.492,"spotify:track:7aSPgpoOyzHTazgX0Rge3a"
0.907,0.272,0.0394,0.398,0.895,0.407,0.366,"spotify:track:7d05zul48D47GkzEUpA9D2"
0.687,0.142,0.0251,0.275,0.946,0.38,0.392,"spotify:track:5Bq0lyZvfGl1JmEIJvDXTt"
0.309,0.144,0.038,0.0348,0.786,0.607,0.0828,"spotify:track:1tTF7zYrOv3I8iiBDwRD82"
0.614,0.107,0.0412,0.845,0.923,0.697,0.701,"spotify:track:7BokNARDIPgFoNPGeZinY3"
0.284,0.12,0.0767,0.382,0.569,0.518,0.152,"spotify:track:4MO5aRBZxnbFgNYanMRKlE"
0.83,0.056,0.0446,0.306,0.0656,0.578,0.543,"spotify:track:1xqeXAH8YgJsGcUYVdIjhl"
0.136,0.311,0.0362,0.722,0.909,0.142,0.0495,"spotify:track:5H1MVcElNau4Odi2inVcsL"
0.102,0.192,0.0374,0.111,0.955,0.138,0.0341,"spotify:track:0ArFvYL7Kj9FwJdjjCs0Fl"
0.01,0.148,0.0367,0.842,0.97,0.248,0.0381,"spotify:track:4hPFuA3y7EA4hdmnSNuK5A"
0.24,0.0571,0.452,0.947,0.000246,0.584,0.847,"spotify:track:1bPE89lgHHGqyrZEjTm3Xo"
0.0301,0.203,0.0419,0.967,0.0642,0.0906,0.0356,"spotify:track:0jzqTb61D0L4D90Fk1j0XL"
0.0115,0.0852,0.0412,0.972,0.662,0.241,0.0373,"spotify:track:6BEkaQDf8HOBD8woRzSmIH"
0.308,0.385,0.0765,0.396,0.813,0.181,0.0362,"spotify:track:5j88egIxPmPOwOIiPKisWl"
0.0412,0.103,0.0393,0.859,0.903,0.161,0.0751,"spotify:track:5STHdwONXZ4Bn28HcUVbey"
0.117,0.692,0.0412,0.929,0.909,0.165,0.0365,"spotify:track:6a1HCgaisv3CMMEHZoXZ9z"
0.0991,0.152,0.0433,0.821,0.881,0.0802,0.0345,"spotify:track:3mpy58tyFuOPKZULzjcyLV"
0.148,0.318,0.0374,0.801,0.926,0.0809,0.0349,"spotify:track:4XBjG0TN3iK2WKmz71GsmH"
0.257,0.0766,0.0429,0.787,0.909,0.14,0.0366,"spotify:track:4Dax86RGUhE5xUEJokVTCd"
0.475,0.105,0.0463,0.721,0.881,0.0769,0.0759,"spotify:track:4yLkZxgXOF3GQoKBJZqpdF"
0.0907,0.125,0.0405,0.895,0.953,0.164,0.0304,"spotify:track:1ap3LLqOYv35dSA0KqJ0z4"
0.0237,0.207,0.0475,0.921,0.958,0.0616,0.0296,"spotify:track:58W4bm4C19IltlW3Vbf8Ce"
0.116,0.117,0.0385,0.946,0.567,0.0881,0.125,"spotify:track:5z89FzQzTQOwSJFlMp6UFd"
0.0355,0.187,0.0394,0.915,0.862,0.137,0.0341,"spotify:track:6BqK2H7CNTghFsMt1DWcBw"
0.0713,0.249,0.0389,0.885,0.781,0.0964,0.0384,"spotify:track:7xfkBYjnfhGdzPEeHdAHQb"
0.0308,0.428,0.04,0.958,0.957,0.157,0.0312,"spotify:track:3oJFlRfVPq7IZcj2hsO3H4"
0.024,0.104,0.0451,0.95,0.929,0.0836,0.032,"spotify:track:7e3ROxgIM9zUpyHrh5C3ze"
0.178,0.109,0.0349,0.742,0.925,0.184,0.0367,"spotify:track:6KJqVA0KLjTpzryUSoVyB9"
0.213,0.0706,0.0352,0.892,0.886,0.144,0.0395,"spotify:track:06i8jXHTFCssO0Luc5p0XL"
0.148,0.105,0.0384,0.619,0.942,0.0607,0.0344,"spotify:track:3pweoIyahl0KMMYx3z6MkS"
0.503,0.215,0.0497,0.347,0.913,0.302,0.0445,"spotify:track:3TEXHAUX18eNBP1LlfyNc9"
0.145,0.209,0.0404,0.801,0.893,0.156,0.0329,"spotify:track:51Om1IzCnoRv1gLJSwQdkm"
0.0256,0.0775,0.0403,0.887,0.902,0.155,0.0625,"spotify:track:7BAo5sR1yLe4Y3JZx8sqyO"
0.646,0.194,0.0485,0.12,0.968,0.181,0.0419,"spotify:track:3TFg1PZDcPnEe2FjK0fZ4s"
0.331,0.116,0.0359,0.76,0.891,0.149,0.0404,"spotify:track:42sJ8y5Z3lUkmWFRdUUaUI"
0.266,0.0759,0.0574,0.859,0.942,0.0666,0.0343,"spotify:track:2uPbwhEKHfLJR3NSjnGrsc"
0.399,0.0799,0.0501,0.473,0.959,0.175,0.0664,"spotify:track:2pSMjadGmWcUbIF5eqLUxE"
0.309,0.103,0.0346,0.865,0.8,0.124,0.094,"spotify:track:2hsKAP8pln6O956m6Ma10p"
0.421,0.0723,0.0414,0.396,0.896,0.161,0.469,"spotify:track:1GDe3zCFr5wvrXpqmGIfVb"
0.406,0.135,0.0383,0.371,0.835,0.17,0.138,"spotify:track:06rwgbUFu3xgl88xxv1Hpx"
0.0832,0.208,0.0366,0.314,0.962,0.218,0.0692,"spotify:track:1U5wqqEATmbCpSqADvSqy9"
0.445,0.078,0.0397,0.239,0.697,0.274,0.0896,"spotify:track:5pCbQRv0DBbFzOUk4ZBpFu"
0.0102,0.0951,0.0505,0.977,0.994,0.107,0.0316,"spotify:track:0dlAN15Cr7eIOqhqtFjfHV"
0.0307,0.0898,0.0372,0.949,0.82,0.144,0.0364,"spotify:track:3STYntspHbnCB1KQHEgNAl"
0.187,0.138,0.036,0.696,0.925,0.0834,0.0342,"spotify:track:6dZ3PpoPcC7wtsoshGNXDo"
0.0509,0.136,0.05,0.938,0.898,0.0708,0.033,"spotify:track:1pPruJPGe5KHjKXRT7CPhw"
0.146,0.211,0.0383,0.524,0.948,0.15,0.0453,"spotify:track:48ylCyEew76aaRcfSFyS9o"
0.153,0.112,0.0404,0.649,0.911,0.146,0.0383,"spotify:track:1bHjXna9QGqwsDwsxpj0f7"
0.352,0.0828,0.0369,0.547,0.909,0.164,0.135,"spotify:track:4g7Ithd2Fpoupsjs5sJxeR"
0.269,0.0894,0.0384,0.662,0.948,0.152,0.0386,"spotify:track:3iURgkltoANXq7VMhRIGkc"
0.185,0.109,0.04,0.849,0.567,0.0705,0.0341,"spotify:track:1VcYtdrXnUC5iqmYPPkoGP"
0.015,0.1,0.0436,0.992,0.706,0.123,0.0365,"spotify:track:5r04nCsGXiTBsyd0yBys7j"
0.0625,0.277,0.04,0.941,0.926,0.137,0.0365,"spotify:track:1lIcdDpGlc2mO2LYA0f5KM"
0.0252,0.127,0.0428,0.962,0.954,0.0944,0.0349,"spotify:track:6caCfb9Hg5NlUfXg9nRSnm"
0.0942,0.115,0.0511,0.917,0.549,0.118,0.038,"spotify:track:2wYX2nSsBcPPnkKCJ69Amo"
0.0522,0.1,0.0388,0.941,0.0572,0.121,0.0374,"spotify:track:78LWZ7WT4s7QDa9zzTLH5Y"
0.0575,0.127,0.0492,0.971,0.985,0.183,0.0362,"spotify:track:4aB29POCPX88HgVvwl4xqb"
0.79,0.262,0.0998,0.0101,0.0231,0.724,0.527,"spotify:track:3ZcYglUg3x6e5mej1NsJeh"
0.919,0.118,0.0333,0.332,0.864,0.486,0.317,"spotify:track:2xULZdntdvyWSUY9FEGyPx"
0.603,0.197,0.347,0.229,0.631,0.359,0.46,"spotify:track:3esjTrpXxTrJkCVjrQpcDB"
0.791,0.0805,0.0451,0.141,0.848,0.727,0.527,"spotify:track:49rLVVt3RIOIMMzjWLYuMf"
0.942,0.96,0.0681,0.00879,0.00389,0.476,0.641,"spotify:track:4h0C2BFERrF47uSPRj3o5B"
0.812,0.137,0.0546,0.762,0.000353,0.584,0.699,"spotify:track:04y5Ow2DAhWjy3vvzN3kyI"
0.155,0.111,0.0458,0.345,0.907,0.18,0.0303,"spotify:track:3CKSWgos4UZymnPiL1AeaM"
0.286,0.104,0.0372,0.684,0.954,0.144,0.113,"spotify:track:4zkynG1TXIknSEiJ9616rt"
0.491,0.112,0.0352,0.039,0.855,0.279,0.0374,"spotify:track:10DIiHuhv19Ympf0oY4JfO"
0.632,0.0708,0.0553,0.000383,0.874,0.209,0.038,"spotify:track:5AoMtOgfNuPFYvHIaNVRlk"
0.579,0.177,0.0363,0.0643,0.859,0.263,0.0385,"spotify:track:3lTN5UNa3YW5GQFG4SLjUh"
0.406,0.0918,0.0358,0.297,0.904,0.184,0.0425,"spotify:track:2wpALOiLmOzIBtYK4qVmv8"
0.528,0.0734,0.0555,0.00302,0.369,0.108,0.0719,"spotify:track:5flU7SsWUXJHozjH0gfizP"
0.286,0.0977,0.0445,0.282,0.912,0.166,0.0367,"spotify:track:1eTINiHObW24HncWUvBSNR"
0.752,0.0804,0.042,0.0351,0.834,0.512,0.197,"spotify:track:1DXhfxbi6bLT9do4nZJPoo"
0.393,0.136,0.0344,0.761,0.885,0.153,0.0778,"spotify:track:7wYet8gNNYmPFjcZ79o5HU"
0.428,0.12,0.0327,0.0406,0.844,0.248,0.0478,"spotify:track:6zzKJMiVEyoYcz5XQ04JFz"
0.873,0.111,0.0478,5.48e-05,0.944,0.43,0.198,"spotify:track:2OLMhqy9nrd9QfT2S26hYR"
0.367,0.146,0.0373,0.672,0.88,0.178,0.0382,"spotify:track:78JQZbgfiXGMu7lbjCpYMs"
0.46,0.0867,0.0432,0.271,0.886,0.18,0.0318,"spotify:track:22RwLRMQaWegBrcXgpr9tg"
0.277,0.0865,0.0498,0.915,0.945,0.17,0.0235,"spotify:track:7uzbEYdg21qes34R7HSN49"
0.531,0.17,0.034,0.000644,0.218,0.343,0.0765,"spotify:track:4NBuLDJKuGtMNUNdYqzstv"
0.42,0.122,0.0348,0.259,0.879,0.0871,0.068,"spotify:track:1UitWUCROqmaFlZZ0M9F1r"
0.0901,0.136,0.0392,0.89,0.881,0.337,0.142,"spotify:track:4VyVHP4EZMMwESsVJP8Rj5"
0.454,0.115,0.027,0.0643,0.865,0.41,0.161,"spotify:track:7pahFHYWknHixfHCQRAB8n"
0.271,0.0849,0.0309,0.501,0.891,0.246,0.1,"spotify:track:2kxUsMAwqk4iQy4r8tkDAP"
0.117,0.0932,0.0448,0.107,0.878,0.184,0.0616,"spotify:track:29dYeAlptMbd6pFT3HURTq"
0.0372,0.0567,0.0387,0.96,0.86,0.108,0.0739,"spotify:track:4T3ZbgjQVQXKJQHi9Axgh9"
0.652,0.11,0.0499,0.716,0.827,0.679,0.24,"spotify:track:5tCFXw77dQLpPzOYuUGYGE"
0.681,0.108,0.0442,0.00832,0.907,0.425,0.0423,"spotify:track:0eTbDiktinodBjqUi184In"
0.365,0.202,0.0318,0.0788,3.84e-05,0.337,0.498,"spotify:track:3sb66av9ZpdI1JmPDHVa18"
0.787,0.26,0.265,0.359,2.76e-05,0.509,0.521,"spotify:track:77hlBnevpj8cbiH7sc0Iro"
0.796,0.256,0.438,0.0701,0,0.62,0.336,"spotify:track:47GQjYeOE3db9cUYsZiWVb"
0.838,0.809,0.313,0.403,0,0.712,0.61,"spotify:track:6sDQ4uiWw9OdVrCXFLSlZt"
0.813,0.136,0.443,0.0665,0,0.682,0.436,"spotify:track:0mwXfPCm4AMaz9J0Cn7FXJ"
0.444,0.0981,0.0276,0.0045,0.905,0.677,0.169,"spotify:track:4zmT3KiW5UVfzGSIkYbs0y"
0.727,0.294,0.0379,0.0114,0.803,0.582,0.716,"spotify:track:0UAcl0XIpGHCsGb9wmcACa"
0.769,0.0794,0.0409,0.26,0.956,0.443,0.61,"spotify:track:5im6A1gVXgCMvz4jzc1wh9"
0.57,0.15,0.0328,0.113,0,0.362,0.225,"spotify:track:4Tm7vJMSIcb8FcrLsLnirt"
0.715,0.0959,0.0307,0.0305,0.911,0.795,0.836,"spotify:track:5Iixe94O346rXb7kvKnJeN"
0.709,0.0705,0.0439,0.704,0.904,0.727,0.699,"spotify:track:0D45yUhsfQx3rp6xPaWf4u"
0.693,0.0555,0.0517,0.000233,0.298,0.614,0.371,"spotify:track:3zvudEeN3N98jVLJ1OvxGn"
0.797,0.168,0.0893,0.00425,0.594,0.731,0.704,"spotify:track:0j24eU8BjQr4IM7h61Tw6A"
0.0902,0.107,0.0464,0.715,0.925,0.284,0.0731,"spotify:track:2bLSbsSyst06T3COQmvX54"
0.527,0.102,0.0348,0.239,0.0041,0.509,0.283,"spotify:track:66H8Pon5ZiRE4p8W4OOf6I"
0.267,0.111,0.0433,0.135,0.741,0.715,0.158,"spotify:track:5EHjNe2d3LN4hEbb0cmOIL"
0.793,0.246,0.0346,0.000788,0.923,0.467,0.312,"spotify:track:4tktVLPSz0OdS3b1xjXnXI"
0.83,0.0959,0.0392,0.103,0.758,0.597,0.383,"spotify:track:1XsN3qiEIjyvmFkUBa027a"
0.638,0.274,0.0314,0.363,0.636,0.639,0.328,"spotify:track:1GXXkoqttqWLtpfvGcBZZV"
0.561,0.0704,0.0258,0.0169,0.721,0.514,0.441,"spotify:track:6L7Loa7tYpN3AF27iSvPAi"
0.388,0.0926,0.0365,0.102,0.883,0.816,0.715,"spotify:track:56wtwuD5xC1pLr7JNAadj9"
0.581,0.1,0.0419,0.669,0.000108,0.411,0.0998,"spotify:track:5WZh4sv62fSXNgmhb1aU0C"
0.503,0.12,0.0549,0.000996,0.156,0.616,0.577,"spotify:track:37mwMoL7x05mjVMOlmyBjy"
0.916,0.11,0.0537,0.183,0.928,0.648,0.681,"spotify:track:426nIed1u3NOkSFjmnOpGn"
0.28,0.108,0.0283,0.869,0.00768,0.262,0.0383,"spotify:track:4wiw9LcroyooWx1G94TvCW"
0.96,0.17,0.0499,0.000609,0.877,0.436,0.878,"spotify:track:2AM6tAnhFN9MWHN462zWxz"
0.78,0.103,0.0368,0.000106,0.64,0.444,0.741,"spotify:track:6ySSnVXhsqoahAodhwZTwr"
0.406,0.262,0.033,0.297,0.0827,0.422,0.0566,"spotify:track:3deUFJzGwnWTsTel4EeEeV"
0.88,0.322,0.0396,0.000944,0.00875,0.567,0.489,"spotify:track:0Rt2JxniDeQzleaQE6m9ke"
0.845,0.111,0.0552,0.0438,0.000115,0.628,0.431,"spotify:track:1hQ7QP3sFDVCJQEK3ul4ci"
0.831,0.118,0.09,0.122,6.48e-06,0.414,0.335,"spotify:track:6t2PnfCbqojbog4ho53Jfw"
0.944,0.257,0.144,0.229,0,0.495,0.625,"spotify:track:1tRaLaOOJE9sJi4E69ZiQo"
0.653,0.1,0.0377,0.433,0.00078,0.48,0.363,"spotify:track:4Lto3R0bmOkWk37TQHSvM9"
0.935,0.134,0.074,0.0635,0.000313,0.668,0.421,"spotify:track:28FfbnKGS0cXJLcFV9bQtb"
0.879,0.164,0.0657,0.00133,0.000433,0.53,0.493,"spotify:track:2F7wnFG1EmwA6fg5LUjwtm"
0.732,0.18,0.046,0.0203,5.46e-06,0.639,0.63,"spotify:track:3MqtzwLXrulX7gWVr2CP7P"
0.903,0.151,0.131,0.000783,0.000377,0.454,0.487,"spotify:track:0ALlfMGE3P52BAsc6yxxqt"
0.415,0.149,0.0275,0.0468,0.00475,0.681,0.268,"spotify:track:4ast6aiM054HYSTK9UmV8C"
0.18,0.121,0.0413,0.993,0.832,0.297,0.189,"spotify:track:3ZuXIVoa0q3D21CJY4ZLjd"
0.312,0.126,0.0304,0.709,0.918,0.343,0.0726,"spotify:track:7oPHgasTlr8yN9yinSRmat"
0.342,0.0921,0.0323,0.961,0.857,0.358,0.0763,"spotify:track:7GlGaITFNC5XQ3mOzlZXuz"
0.613,0.224,0.0394,0.0367,0.871,0.259,0.393,"spotify:track:6a757ZdIP6GQGxHaFAMgnx"
0.0339,0.0751,0.0375,0.979,0.912,0.269,0.0862,"spotify:track:1TlIxkDnw0aaxgHNFAx6Vh"
0.312,0.0654,0.0366,0.99,0.841,0.404,0.123,"spotify:track:5WtZp0VFA5zZLob9nk9BJR"
0.734,0.109,0.0392,0.321,0.941,0.39,0.162,"spotify:track:0qBBSkqTf8Eo7Av46bzbYX"
0.293,0.0968,0.0351,0.987,0.832,0.457,0.133,"spotify:track:0RSeyKLcqhMo7RFCM3EBAs"
0.319,0.0827,0.0484,0.986,0.895,0.309,0.134,"spotify:track:5wwXscKHLq1ys1labS7OYr"
0.364,0.116,0.0341,0.94,0.874,0.246,0.155,"spotify:track:2tMAe0gj2F3NP7T5De4VWh"
0.881,0.0595,0.045,0.0626,0.862,0.37,0.452,"spotify:track:3jiNyH5YathhlhV7OAwT1F"
0.0191,0.107,0.0392,0.942,0.983,0.149,0.0601,"spotify:track:745F68A80qdnjs8SX4aIAf"
0.417,0.0998,0.0291,0.86,0.923,0.262,0.0388,"spotify:track:1kWD1zjtidohfhuZVBylJ8"
0.0579,0.15,0.0346,0.989,0.923,0.208,0.0524,"spotify:track:7cCoslwuYl29pZiTTTdg7J"
0.38,0.151,0.03,0.74,0.899,0.391,0.0559,"spotify:track:1BX1joiDRohbpOLDQ5sQh8"
0.868,0.133,0.0671,0.0218,0.823,0.305,0.504,"spotify:track:2dVAMnEO93AYDippAaCCuv"
0.458,0.223,0.0369,0.385,0.789,0.219,0.348,"spotify:track:17w577X1JG3pPEMkHc5Z10"
0.363,0.0951,0.0259,0.916,0.0114,0.431,0.117,"spotify:track:0776CVqZhsvDLrLMoEmHJM"
0.0535,0.0849,0.0361,0.523,0.904,0.155,0.0291,"spotify:track:7Fgn6GLcK9NmAhzxVqOlx8"
0.628,0.108,0.08,0.0581,0.847,0.14,0.076,"spotify:track:6SoSCS4Jk3Do17eaiVkQCP"
0.36,0.127,0.043,0.667,0.957,0.172,0.0309,"spotify:track:5CXikN5EAm7W6XfITNlGVk"
0.892,0.103,0.171,0.24,0.837,0.274,0.0384,"spotify:track:06QEMEPJmt7BxqazUlssNR"
0.883,0.103,0.0995,0.229,0.922,0.358,0.042,"spotify:track:5rLI8ZXaLipqjrS382LyxI"
0.78,0.111,0.0773,0.175,0.944,0.476,0.057,"spotify:track:282LQZL1qpsR39VAQdDqjf"
0.291,0.136,0.0414,0.625,0.934,0.107,0.0325,"spotify:track:2CzTdlPneFe40nWaYPZgLX"
0.751,0.114,0.134,0.175,0.76,0.387,0.0367,"spotify:track:5wvsQAvX0ErZThPBUfgIZn"
0.33,0.0894,0.0377,0.803,0.91,0.189,0.0355,"spotify:track:359sr8SAyc9aeFuX1E8pwJ"
0.939,0.189,0.0693,0.0944,0.973,0.464,0.56,"spotify:track:7Hj2D61IPaPICdGBXFj0cU"
0.467,0.0749,0.0541,0.827,0.924,0.239,0.0354,"spotify:track:70U1Yl8CeQK8yLW9x2SKgP"
0.0261,0.108,0.0464,0.921,0.897,0.138,0.032,"spotify:track:06EKclVDbTtynSw3rUdOYR"
0.12,0.104,0.0404,0.95,0.932,0.13,0.0344,"spotify:track:5DNKinr5rMPyVuVjyQYIm6"
0.871,0.0636,0.0829,0.396,0.855,0.345,0.0372,"spotify:track:0VREY1JCqYN3340XpW93Qv"
0.87,0.345,0.0721,0.3,0.942,0.357,0.0394,"spotify:track:5RKJ55t0PxcAAVFwfDjUgQ"
0.175,0.118,0.0443,0.931,0.811,0.148,0.0307,"spotify:track:7l5tLxraKo1GS8Pol8nd5Y"
0.464,0.127,0.043,0.808,0.953,0.17,0.0635,"spotify:track:4qd0q5axIP2R3JPOVU4iUF"
0.751,0.167,0.105,0.246,0.0179,0.654,0.544,"spotify:track:3Osd3Yf8K73aj4ySn6LrvK"
0.0284,0.267,0.07,0.0561,0.957,0.0835,0.0307,"spotify:track:1EZOKlQjOx6oucOJK6lM4l"
0.229,0.0998,0.0375,0.948,0.973,0.33,0.062,"spotify:track:74qOrLoRGaAMJu0DXAsvqY"
0.122,0.102,0.0456,0.964,0.655,0.167,0.0297,"spotify:track:3u7MeFh8Cn5mlNtBlYreCN"
0.0176,0.0729,0.0362,0.927,0.964,0.132,0.0639,"spotify:track:7CApeTNaPHwvoiy2lubMwa"
0.0482,0.124,0.0474,0.00619,0.904,0.149,0.0223,"spotify:track:7t4GTTnRbKi9r6a0FEToe5"
0.00112,0.351,0.0332,0.949,0.367,0.251,0.15,"spotify:track:6TES8LpHCN11238A2c5Sx4"
0.0534,0.0747,0.0371,0.572,0.881,0.313,0.0207,"spotify:track:4fOllxIJhG1qbAx4lDDfcP"
0.0575,0.098,0.0293,0.605,0.922,0.251,0.0374,"spotify:track:7ixhFQQRFYCIlpf0TaUTDw"
0.00342,0.117,0.0433,0.919,0.0255,0.251,0.0408,"spotify:track:1Y4PSLwzhwdELSy2uIE7bL"
0.0326,0.0756,0.0424,0.97,0.819,0.183,0.0293,"spotify:track:5PBFQv0UG3HHy1yTrlj4SP"
0.111,0.117,0.0392,0.978,0.915,0.471,0.373,"spotify:track:7dRVHWACQOt2siAk2KRe8A"
0.178,0.325,0.0459,0.968,0.76,0.133,0.0269,"spotify:track:6rW2czoNW3xZNIzcPDReey"
0.258,0.228,0.0425,0.25,0.886,0.433,0.0397,"spotify:track:2zK0fKG94wjS72K8kGZC2X"
0.108,0.0511,0.0394,0.184,0.915,0.247,0.0256,"spotify:track:0GmY1S2A1j3TIqxMr1bp9I"
0.0306,0.073,0.0468,0.932,0.942,0.12,0.0249,"spotify:track:3d0dYy65LXgF85dtZPoqiG"
0.0231,0.371,0.0483,0.866,0.944,0.119,0.0269,"spotify:track:6anfXCtToYxbMVgyunSn1U"
0.0872,0.102,0.0333,0.452,0.95,0.162,0.0352,"spotify:track:1B1q0y2reBKW7SKMo73iFF"
0.17,0.0845,0.0393,0.966,0.763,0.435,0.303,"spotify:track:4y9qV1ToegS5sz8zVa2tkT"
0.0059,0.117,0.0612,0.000236,0.542,0.0667,0.0278,"spotify:track:3yaXdJifHVKb492JQhDK23"
0.0284,0.111,0.0404,0.724,0.97,0.118,0.0281,"spotify:track:6kqX6jxBw0YtrUWWvqmxrE"
0.328,0.112,0.0426,0.529,0.808,0.532,0.0343,"spotify:track:0emWmPj5vgR1vAg3NLV9rm"
0.226,0.122,0.0466,0.053,0.94,0.265,0.0389,"spotify:track:0YY5KekpTtjPno6SffKWN3"
0.101,0.197,0.0538,0.964,0.92,0.207,0.023,"spotify:track:7sT2VryHh4Ec9cZcmqrlEQ"
0.0535,0.0475,0.181,0.939,0.298,0.404,0.105,"spotify:track:4POUbGDhBCJH6rxEAtFKtu"
0.0284,0.267,0.07,0.0561,0.957,0.0835,0.0307,"spotify:track:1QheEzPkqoUQkIPGbG6gkI"
0.229,0.0998,0.0375,0.948,0.973,0.33,0.062,"spotify:track:18z7tK7u9DcDw85LYRR5Fe"
0.122,0.102,0.0456,0.964,0.655,0.167,0.0297,"spotify:track:1uyB4BHbIicheenh3BgeQ3"
0.0176,0.0729,0.0362,0.927,0.964,0.132,0.0639,"spotify:track:2H4zwjbv0D0ggDhf0E8j8j"
0.0482,0.124,0.0474,0.00619,0.904,0.149,0.0223,"spotify:track:1PyEOnj3tdaHAcDcsqTYbv"
0.00112,0.351,0.0332,0.949,0.367,0.251,0.15,"spotify:track:5pmXIuP7KNq7AuCKmPUIhO"
0.0534,0.0747,0.0371,0.572,0.881,0.313,0.0207,"spotify:track:4Ty9v3xcNh5pVuf0iq8Dfv"
0.0575,0.098,0.0293,0.605,0.922,0.251,0.0374,"spotify:track:6WVRhBxRMW9fn6sRkt2gWn"
0.00342,0.117,0.0433,0.919,0.0255,0.251,0.0408,"spotify:track:3Vef8GlFWEzrP23UwHjWWl"
0.0326,0.0756,0.0424,0.97,0.819,0.183,0.0293,"spotify:track:0ihuV5yZpOS8P025gKU17V"
0.111,0.117,0.0392,0.978,0.915,0.471,0.373,"spotify:track:2CvYIKcGlkZTsjhAViX0Db"
0.178,0.325,0.0459,0.968,0.76,0.133,0.0269,"spotify:track:4lPGM6jGbrjcWYal4StjF1"
0.258,0.228,0.0425,0.25,0.886,0.433,0.0397,"spotify:track:3wa4t4bc0UjG2eSGgXHcaR"
0.108,0.0511,0.0394,0.184,0.915,0.247,0.0256,"spotify:track:1TjPCg0Ty4ZmoFoWseUfcY"
0.0306,0.073,0.0468,0.932,0.942,0.12,0.0249,"spotify:track:1olO0IZxJUM6COX6i57RGe"
0.0231,0.371,0.0483,0.866,0.944,0.119,0.0269,"spotify:track:1TBJRUEWgRCKvcaVtojDad"
0.673,0.115,0.0307,0.0733,0.935,0.559,0.309,"spotify:track:2s6hbwYrgH4MxGXu0rA1uG"
0.416,0.0825,0.0262,0.243,0.81,0.51,0.135,"spotify:track:6ITZGuxUkCaQB9pwt4yogB"
0.353,0.107,0.0448,0.358,0.894,0.267,0.04,"spotify:track:5PaqtyRTCP07uhhhxTPxRX"
0.954,0.206,0.046,1.1e-05,0.917,0.534,0.582,"spotify:track:54eMQtMWx6v3oSO5NQ8eFk"
0.612,0.604,0.891,0.178,0,0.574,0.145,"spotify:track:3d06Ep3yKXhYH0FsPuoUSC"
0.889,0.185,0.0309,0.0749,0.933,0.592,0.562,"spotify:track:3DH7WEURyZjiAHnDbDD7s9"
0.799,0.307,0.0426,0.0623,0.795,0.566,0.168,"spotify:track:4lkq5v8nVr5feDwYWCDjwr"
0.852,0.112,0.0633,0.0071,0.898,0.728,0.65,"spotify:track:6YNCWru1rEaz8Uq5zmYpFV"
0.842,0.109,0.0777,0.609,0.897,0.664,0.0788,"spotify:track:4YsjTGOSWQoKTkmO2qC4Ey"
0.592,0.0949,0.045,0.00246,0.86,0.538,0.586,"spotify:track:1MJvblfQNcsvNwVqUuNsOm"
0.948,0.0841,0.0953,0.15,0.143,0.594,0.685,"spotify:track:29JhdShMyudd62pjony4qF"
0.972,0.0809,0.0578,0.576,0.857,0.764,0.915,"spotify:track:6VL3tPt3yIBpQfyuX8Rv36"
0.866,0.227,0.0391,0.515,0.0418,0.628,0.581,"spotify:track:0GKBPISuxIyX7oiwCdYEGv"
0.823,0.134,0.0302,0.0241,0.893,0.598,0.238,"spotify:track:4qL1gMTzMwYtchUkwCvIu7"
0.704,0.129,0.0266,0.134,0.765,0.749,0.551,"spotify:track:3e4yV4ULWEYuXuDHurgq2W"
0.0785,0.0916,0.0371,0.958,5.57e-06,0.77,0.324,"spotify:track:5DutiJxznQmcV5a5a1zfRW"
0.961,0.0706,0.0546,0.006,0.872,0.444,0.495,"spotify:track:1izskv2pMumaC7TWKpitx5"
0.262,0.495,0.273,0.586,0,0.469,0.388,"spotify:track:4sKyK460svWzUbGicdtpRI"
0.956,0.0554,0.0512,0.00177,0.66,0.56,0.662,"spotify:track:5LXAcqsPNMJ48MPzgXEjUO"
0.892,0.0951,0.0336,0.481,0.658,0.814,0.942,"spotify:track:3MdyGckdJyTuSylcK4Cn3e"
0.15,0.137,0.0357,0.848,0,0.472,0.164,"spotify:track:2yvrSikYS1UsZhhfmXHrar"
0.827,0.396,0.0334,0.00898,0.811,0.764,0.532,"spotify:track:2VheGvkW7KeYTnFR23ZdOc"
0.936,0.165,0.0387,0.00304,0.899,0.549,0.75,"spotify:track:6lcfhJLGi1kysDYVyfEskq"
0.919,0.0994,0.0648,0.079,0.968,0.585,0.397,"spotify:track:68rY1ShgYtQHVqoZfUx4tp"
0.753,0.208,0.031,0.00451,0.0182,0.724,0.566,"spotify:track:4wsxtmLm89JBwWWAMKLxf2"
0.241,0.0923,0.0374,0.284,0,0.653,0.301,"spotify:track:2CJBcTHsKSbeoAkk9oLmFz"
0.853,0.112,0.0627,0.0439,0.00016,0.633,0.416,"spotify:track:7hBgWlhdUVPIWyi5lrk0fL"
0.767,0.249,0.254,0.589,1.7e-06,0.526,0.46,"spotify:track:1ICjjasSSF0ErVvVmjt03L"
0.572,0.172,0.0527,0.302,0,0.569,0.417,"spotify:track:5DsZVnFfwpys1SbObz1yUF"
0.737,0.181,0.0356,0.0253,8.04e-05,0.582,0.122,"spotify:track:1yhQGEykn7ZTNLwcIjOAwZ"
0.907,0.825,0.13,0.0193,0,0.539,0.556,"spotify:track:2RUFzxyUlI36KKy9Agkqze"
0.108,0.13,0.037,0.93,0.911,0.245,0.47,"spotify:track:519vDKr1kA5szyYSENiRbC"
0.796,0.19,0.0639,0.0909,2.73e-05,0.546,0.249,"spotify:track:1XvHiCTd0MDb16S8bQNl74"
0.679,0.606,0.245,0.00275,0.00683,0.622,0.0942,"spotify:track:5jXNOgH5A7yI76BU9kaP6N"
0.752,0.686,0.287,0.242,0,0.65,0.594,"spotify:track:3VZc8N6q192Z0mKIoGQtRP"
0.771,0.145,0.145,0.0185,0,0.282,0.195,"spotify:track:5CDNl8At4wsDdtnpkFoepd"
0.579,0.517,0.103,0.198,0.00184,0.383,0.103,"spotify:track:0jOL63hLMeSCHTXPdFkniq"
0.823,0.106,0.149,0.00169,0.000165,0.444,0.439,"spotify:track:4pIHNePc661EqmOiWeXjH4"
0.582,0.113,0.0475,0.295,7.4e-05,0.571,0.676,"spotify:track:48HUDhfl4ssbc5xuIrZ6UD"
0.768,0.526,0.215,0.148,0.0111,0.607,0.268,"spotify:track:2DnIioEZLJyz3KnZWHEkbw"
0.844,0.854,0.344,0.262,0.000437,0.67,0.571,"spotify:track:0PUKNvFyO4fbJyegh8BtKC"
0.702,0.0696,0.0369,0.00543,0.871,0.552,0.047,"spotify:track:2te2TW7Om1UrjYx7Gw562e"
0.864,0.0939,0.037,1.19e-05,0.927,0.448,0.152,"spotify:track:1du3HKaXbcW2h5XaZ6nVii"
0.885,0.0699,0.0423,0.000235,0.892,0.581,0.204,"spotify:track:1EiGmsfTkIz8uhmN2XoTOu"
0.926,0.173,0.0547,0.000268,0.903,0.536,0.425,"spotify:track:1rmPTD9cvn9X4fSnV18KBB"
0.98,0.167,0.0429,8e-04,0.514,0.53,0.213,"spotify:track:326grKHu9oITiVP0QkqsLv"
0.772,0.0859,0.0328,0.0127,0.863,0.558,0.182,"spotify:track:2lHTlRE9OopnBJcXMGVmCW"
0.96,0.0957,0.0463,3.43e-05,0.94,0.493,0.0395,"spotify:track:1R5NLypqMCJACwfCrHsS6h"
0.996,0.104,0.183,0.00314,0.923,0.429,0.105,"spotify:track:1dwXiH8gfgf4oDy4FKAMZr"
0.943,0.0855,0.0452,0.000264,0.818,0.531,0.436,"spotify:track:0RGkIE9aiGnZ1WMzedg7nN"
0.937,0.113,0.0457,0.000386,0.818,0.359,0.243,"spotify:track:1YkpvEHB0yFjleYmcuACtA"
0.966,0.287,0.0506,2.9e-05,0.915,0.431,0.346,"spotify:track:0vQDOYuIyx70LVnaYHSy2u"
0.984,0.442,0.126,0.000318,0.174,0.475,0.233,"spotify:track:6k7eG7qTmUOvTUfRQT64dx"
0.927,0.11,0.0329,0.00011,0.912,0.42,0.245,"spotify:track:0iwk3WzVxBRniNixLUjmLe"
0.899,0.0741,0.0322,8.17e-05,0.938,0.489,0.049,"spotify:track:1kvrPZH9P2hqVDXNYEnIUl"
0.939,0.286,0.0532,0.00107,0.917,0.481,0.505,"spotify:track:2yzz45Rq7A4CsKPDnzVPIz"
0.977,0.11,0.0444,5.41e-05,0.688,0.502,0.506,"spotify:track:2idBJybXxluz4oN8Ip9Gw8"
0.917,0.311,0.0544,0.000243,0.493,0.521,0.0399,"spotify:track:2TPlxfIAaoYIo6fQkswUEK"
0.488,0.074,0.0833,0.2,0.906,0.407,0.0394,"spotify:track:79UXEQHK5kzbecG4dymjyU"
0.604,0.047,0.041,0.209,0.866,0.681,0.724,"spotify:track:39MwT5t5MUBAZhBQqltTLu"
0.17,0.243,0.0368,0.82,0.93,0.119,0.0392,"spotify:track:19fo90O1nIpqDJvUMwQUID"
0.396,0.0533,0.326,0.0561,0.868,0.58,0.329,"spotify:track:3C3GbnaveG3e2ZCgxFbVAt"
0.481,0.079,0.0387,0.0249,0.816,0.682,0.266,"spotify:track:6LKhxq7YKj7pXQwl6bGX75"
0.34,0.152,0.0411,0.16,0.919,0.671,0.039,"spotify:track:01BZ4Re9bVhOhFDuIfDhwG"
0.473,0.0963,0.0452,0.268,0.876,0.728,0.145,"spotify:track:68JRwbDsH1D2DFPopUdrmy"
0.328,0.113,0.0412,0.193,0.934,0.572,0.0355,"spotify:track:5jGs9MYc8gljkiMP5eupA8"
0.366,0.106,0.0587,0.724,0.92,0.773,0.192,"spotify:track:14UyB3vZ54KBtSSWu6632U"
0.391,0.104,0.0343,0.0229,0.675,0.673,0.0379,"spotify:track:21e37egA0LXxpRR0A09gBG"
0.749,0.377,0.307,0.655,0.269,0.628,0.0394,"spotify:track:6SoiMmNS7y4lDW2xiqj9Sc"
0.276,0.227,0.0396,0.118,0.811,0.292,0.0333,"spotify:track:70BYhP3YyqDvLNjWMWbVVt"
0.377,0.164,0.0488,0.106,0.836,0.744,0.181,"spotify:track:4HotjmhhkRHbFHKOqK8Pp6"
0.483,0.302,0.0551,0.728,0.639,0.799,0.569,"spotify:track:7G6n7FbIp0PTZSqqBNeAJD"
0.569,0.0837,0.0413,0.00837,0.897,0.508,0.0321,"spotify:track:7m5xs3CDma5hn92QTPm7UJ"
0.294,0.113,0.0521,0.037,0.856,0.813,0.0391,"spotify:track:470qt3Wd9yCtMzqTZR4tos"
0.581,0.0855,0.0386,0.000701,0.0311,0.691,0.261,"spotify:track:6Amw87aAqC6vBfKqSRmNOw"
0.633,0.118,0.0391,0.00109,0.0814,0.667,0.279,"spotify:track:0oneT6TWg2c8Kmb1CoK1Mn"
0.823,0.415,0.0431,0.000324,0.901,0.623,0.291,"spotify:track:3lZTcFGK8fHPHEdn39ma9g"
0.963,0.461,0.0546,0.00833,0.00123,0.638,0.0632,"spotify:track:2w5E9qZL8816qtrjYjuKdj"
0.392,0.0677,0.155,0.000231,0.12,0.737,0.148,"spotify:track:3DWyLhfBm1t7eYUyYbqYXS"
0.669,0.0853,0.0331,0.000459,0.16,0.653,0.324,"spotify:track:18b397ianLkRQf8DNE5O0z"
0.776,0.527,0.128,0.0239,0.902,0.741,0.488,"spotify:track:0u9TqKmo4ZeK49hMolzfsR"
0.814,0.0394,0.0968,0.00113,0.126,0.695,0.379,"spotify:track:19inMXj5qqL7uwB0trUJte"
0.668,0.329,0.0475,0.00152,0.024,0.707,0.531,"spotify:track:6asGDT9BzrAtvWQj648XVB"
0.596,0.0593,0.0507,0.000262,0.897,0.607,0.422,"spotify:track:6QW6cxRkNGdChskBFeGP6m"
0.682,0.312,0.0357,0.00252,0.896,0.635,0.233,"spotify:track:7CoPD30JvSv0v6SnmgMa89"
0.91,0.11,0.0778,0.00135,0.845,0.692,0.196,"spotify:track:1Zc195Xtck48VtWw1RohT3"
0.663,0.036,0.106,0.000116,0.884,0.763,0.09,"spotify:track:1TeLlRNL2ySKbBH4NYleEr"
0.535,0.519,0.0567,0.00725,0.848,0.417,0.207,"spotify:track:3j4yk3whTHsHmdei3gWX4g"
0.591,0.0877,0.0764,0.00176,0.211,0.826,0.243,"spotify:track:6k4puZNWiw3AiGi6XlIIC6"
0.937,0.0784,0.043,0.00225,0.915,0.599,0.0576,"spotify:track:532hNaqosl96yEN1kmAQ6l"
0.905,0.0911,0.0563,0.00133,0.735,0.648,0.395,"spotify:track:53ET9JODuytHIiofXFyb5n"
0.645,0.254,0.0662,0.00111,0.055,0.615,0.384,"spotify:track:4iiDuqHUtxXjsvYMzrLgYE"
0.673,0.0895,0.167,0.00203,0.825,0.801,0.119,"spotify:track:6XXnrzLknakrSbrleUaqjU"
0.692,0.34,0.0558,0.0317,0.173,0.732,0.729,"spotify:track:3vwMJCGhPeH97eK5PWtR5j"
0.727,0.112,0.0851,0.0159,0.835,0.729,0.245,"spotify:track:0dARFnKer7AKSdYPknlOEd"
0.952,0.171,0.0671,0.00502,0.766,0.613,0.661,"spotify:track:3D32OCgisBNdqA57NE3PTN"
0.67,0.0418,0.0592,0.00138,0.896,0.437,0.22,"spotify:track:7BMcavhQvw50TbOj2ReeSE"
0.406,0.122,0.0308,0.766,1.77e-06,0.48,0.22,"spotify:track:2IRiJEtXjZPl4Lnshth13p"
0.254,0.0907,0.0456,0.454,0.986,0.152,0.0279,"spotify:track:33FoeR7TnUNfy2hrEaJnLK"
0.868,0.197,0.0511,5.32e-05,0.943,0.32,0.101,"spotify:track:7IdwxLszcLhuxM1JRCqr0a"
0.963,0.111,0.123,0.00166,0.788,0.64,0.373,"spotify:track:1zM1P12TA2DobxJqr4gqzK"
0.787,0.0961,0.0467,0.00943,0.0365,0.456,0.106,"spotify:track:1I8ncy2UFXcAVAChtRScRL"
0.923,0.119,0.149,0.075,0.723,0.451,0.544,"spotify:track:1ZODwS8QJevRaMhlbRvZkT"
0.768,0.123,0.0322,0.000936,0.832,0.633,0.151,"spotify:track:6QzYF5bmxT0GE1YRjHhiGD"
0.982,0.0966,0.133,6.72e-06,0.816,0.416,0.412,"spotify:track:3uykzHyjMN56gizQ2uZnQj"
0.96,0.0918,0.208,0.00282,0.529,0.623,0.654,"spotify:track:43VEwCk6pfxZVkbFjt6tmZ"
0.954,0.191,0.0651,0.000335,0.927,0.577,0.396,"spotify:track:5l95IQawmt4mdlykY7hgwA"
0.828,0.234,0.282,0.00207,0.623,0.673,0.679,"spotify:track:28zyqlFDM0RZ6yfwmZpDW4"
0.954,0.0924,0.0881,6.17e-06,0.859,0.394,0.072,"spotify:track:1LzOIql01NRYcLU2a9DI3C"
0.673,0.25,0.033,0.00216,0.938,0.575,0.396,"spotify:track:5cg42cHknSwPqoxyYNM7ZV"
0.386,0.177,0.0297,0.638,4.25e-06,0.513,0.383,"spotify:track:2BC8rOrlfw6dkZpbDtkoiO"
0.458,0.171,0.0303,0.849,0.000102,0.477,0.243,"spotify:track:5GAWGMYJ8VN5MIYsqIokoW"
0.381,0.111,0.0295,0.696,2.52e-05,0.39,0.119,"spotify:track:1zZEeO528oaVVBixuEgX7K"
0.282,0.108,0.0289,0.416,0,0.456,0.14,"spotify:track:04dOtnqQD8Sn8RJ8DJZFZb"
0.546,0.101,0.028,0.486,0.000631,0.658,0.522,"spotify:track:2wSVPVLyaSjv5Viu6WbgJ1"
0.406,0.122,0.0308,0.766,1.77e-06,0.48,0.22,"spotify:track:072qkZtviQdaPDhfHPtnZi"
0.441,0.103,0.0285,0.671,0.0723,0.528,0.411,"spotify:track:0csgmo2EUovO4VB21Jgc37"
0.191,0.141,0.0317,0.838,0,0.439,0.153,"spotify:track:6gMSAutTCodRuKy3mLCQOa"
0.333,0.081,0.0286,0.729,0.00565,0.51,0.151,"spotify:track:2KbsRLBGz165yTTJzqRvea"
0.148,0.108,0.0341,0.939,5.43e-05,0.296,0.192,"spotify:track:5fBDYunffJ4qOCoYXBST9D"
0.418,0.123,0.0305,0.445,0,0.42,0.268,"spotify:track:31K4kVjLgixvY7ehTMYSou"
0.174,0.133,0.0295,0.867,0.000125,0.437,0.143,"spotify:track:6lkeh04d23G6spH3wD8Qls"
0.576,0.0656,0.0344,0.289,0.901,0.467,0.0866,"spotify:track:2MyIr65hhyP2NgktMb0Rn6"
0.831,0.133,0.0438,0.00051,0.0252,0.502,0.068,"spotify:track:3pvuvnXu3AQ6pVZM4w19Q9"
0.795,0.397,0.0376,0.000469,0.857,0.539,0.227,"spotify:track:4I4OPw4cyugeCkIo2gA2PZ"
0.636,0.198,0.0404,0.00972,0.00564,0.551,0.0941,"spotify:track:6dRICW0DQJx8gfy4H1yExV"
0.738,0.159,0.0331,0.00082,0.269,0.633,0.766,"spotify:track:3EaOMdUbtR9qF3NEs2aa8S"
0.789,0.115,0.0409,0.000816,0.00663,0.593,0.121,"spotify:track:6ZcF4uQEGB0jfcGCIAtT85"
0.781,0.0901,0.0349,0.000746,0.818,0.634,0.247,"spotify:track:4HW365jhqFvdUH94qR0y5Q"
0.804,0.215,0.0603,0.000485,0.284,0.636,0.248,"spotify:track:5IJIHyFgtcgs43AoHuFPuV"
0.491,0.08,0.0867,0.0628,0.0485,0.789,0.725,"spotify:track:09rkpHFHjhBOx9d14TLEmW"
0.776,0.406,0.0448,0.000237,0.643,0.631,0.0369,"spotify:track:6X5nFzGLtNAXqnNM1RzlTO"
0.785,0.333,0.0386,0.000201,0.395,0.592,0.225,"spotify:track:03BQuVnKb85hNFf2cbSGJd"
0.816,0.141,0.0538,0.000389,0.153,0.606,0.0349,"spotify:track:02VIWm3DcoTt0v5HNgbChy"
0.724,0.177,0.0335,0.000867,0.000629,0.618,0.0742,"spotify:track:6feITDJQPSJoiX6TYwPK2x"
0.158,0.11,0.0488,0.97,0.597,0.111,0.065,"spotify:track:5izQstNRMMSQuyEccpYgox"
0.732,0.0751,0.0736,0.0224,0.843,0.739,0.0316,"spotify:track:2oDZyBAje1DYE0c9PRxvrS"
0.459,0.425,0.0417,0.154,0.841,0.0865,0.0343,"spotify:track:0ztFL4XD4n5h4A4S83h41a"
0.562,0.0966,0.0493,0.593,0.0211,0.748,0.768,"spotify:track:4cyZhaZe8wB6NVAFS1rol0"
0.401,0.0491,0.0446,0.0324,0.924,0.595,0.0463,"spotify:track:4bVa5VTcO5VTlAeaSgFEhE"
0.698,0.142,0.0568,0.011,0.879,0.734,0.207,"spotify:track:0NOELZ5w7mWAHoa2CenELN"
0.615,0.187,0.101,0.111,0.882,0.793,0.0513,"spotify:track:0fE2kAkhDvHns6Dnz8xOy6"
0.507,0.105,0.113,0.419,0.656,0.833,0.0702,"spotify:track:1POW94jrjO95DDBAeU4inW"
0.334,0.109,0.0316,0.801,0.893,0.687,0.314,"spotify:track:3NjsxJHOt8YrMCytQD9jU9"
0.686,0.0905,0.0394,0.508,0.891,0.759,0.144,"spotify:track:1Lw2BPiKexowWGfkq0cAkr"
0.406,0.105,0.0758,0.029,0.895,0.914,0.071,"spotify:track:2AF7yuctURm61UHlcpkbmN"
0.584,0.0825,0.059,0.104,0.785,0.716,0.0745,"spotify:track:6EntSDmJjAlIakLh2uVu2S"
0.483,0.163,0.0752,0.000312,0.439,0.809,0.0361,"spotify:track:5BreH928i75yn7xEFKAmAO"
0.0074,0.105,0.037,0.945,0.929,0.298,0.0627,"spotify:track:44pZxyB52oISO4VA4SQ7mk"
0.557,0.115,0.0629,0.00101,0.88,0.506,0.0292,"spotify:track:3JSmHFyEULcpao5XjGlPbV"
0.452,0.105,0.23,0.553,0.000397,0.771,0.585,"spotify:track:1HhJT8JwS8j3hE5nghyWAo"
0.397,0.119,0.0553,0.907,0.967,0.757,0.0675,"spotify:track:01EZo2pX56SkzMvYp3smaO"
0.418,0.0751,0.0369,0.00508,0.537,0.71,0.0825,"spotify:track:7tUufoqWU5nUf0yAnd05vE"
0.233,0.117,0.0437,0.967,0.889,0.555,0.128,"spotify:track:0d8NAbBVH059XSRALZdq15"
0.75,0.453,0.0425,0.521,0.909,0.789,0.0843,"spotify:track:1GUzlRxDiBGPwS5ZUhlB4H"
0.3,0.128,0.0457,0.911,0.967,0.196,0.259,"spotify:track:389PJ6fMbz7DyQAkUNNTB7"
0.173,0.12,0.0315,0.98,0.913,0.461,0.0396,"spotify:track:4aPdzv49fgE741CoLHbzP0"
0.351,0.101,0.0288,0.318,0.931,0.668,0.0938,"spotify:track:4dqvhh7SFsJeFDfY4sRdRb"
0.722,0.111,0.0772,0.0242,0.538,0.691,0.0557,"spotify:track:2ZdkmYln46IWtgaAhaij1F"
0.853,0.107,0.0364,0.34,0.922,0.754,0.0376,"spotify:track:78hbC4snQ79I7UcmGi4xxw"
0.299,0.0637,0.0371,0.627,0.866,0.249,0.0538,"spotify:track:5EfQiv42syMUcanH81QkIK"
0.35,0.77,0.387,0.00257,0.000551,0.932,0.493,"spotify:track:6tLToR1R8E5iK6gyeNQZ1J"
0.555,0.252,0.0512,0.129,0.647,0.744,0.0365,"spotify:track:1Q9HnaBlzpoOhYUty8WdBb"
0.579,0.0419,0.0414,0.0168,0.0538,0.92,0.841,"spotify:track:6vR5u5b8JeRESx5nZaIWx6"
0.788,0.116,0.0569,0.0902,0.863,0.601,0.663,"spotify:track:4zlHc87tP1qqP50Zxzri1I"
0.587,0.119,0.0415,0.5,0.423,0.779,0.219,"spotify:track:0O6jl8Zamz6TGF0nUwMQsF"
0.476,0.135,0.111,0.13,0.000252,0.54,0.11,"spotify:track:6bXOlIfGIWh7Tyn4oyvLQW"
0.748,0.105,0.0895,0.289,0,0.752,0.5,"spotify:track:2sA4woGW5KgEgGXXxOKPAZ"
0.32,0.112,0.0303,0.657,0.894,0.455,0.0432,"spotify:track:2RCgqXq1hCqM3rBg21jrP2"
0.984,0.078,0.143,0.0118,0.696,0.66,0.348,"spotify:track:6MLptqfOLeV8uwAqwXaZ1v"
0.738,0.37,0.0414,0.000566,0.417,0.576,0.0736,"spotify:track:681JQwws44wzHJg8uRE9vv"
0.349,0.109,0.0952,0.721,0.836,0.636,0.342,"spotify:track:2UOQOcn0TacHXVd31AqqGp"
0.593,0.308,0.193,0.299,0.001,0.593,0.163,"spotify:track:7tAyoTnr66zdkUsg8XzSmd"
0.811,0.132,0.207,0.0102,1.3e-05,0.455,0.281,"spotify:track:0ije0AlpdOcKa8oXohEDcd"
0.813,0.0506,0.0486,0.00378,0.0661,0.68,0.186,"spotify:track:0kAFiQAaDgpiNGtTlLCWd2"
0.721,0.106,0.0557,0.00511,0.717,0.701,0.279,"spotify:track:5qzHdG8IFHJDIk0Q5h5da6"
0.813,0.31,0.0615,0.123,0.00031,0.351,0.0853,"spotify:track:2eoMcPMt8GsnH7c6poebbo"
